,precision,recall,f1-score,support
0,0.89842,0.786561,0.838778,506.0
1,0.413043,0.628099,0.498361,121.0
accuracy,0.755981,0.755981,0.755981,0.755981
macro avg,0.655732,0.70733,0.668569,627.0
weighted avg,0.804751,0.755981,0.773083,627.0
