,precision,recall,f1-score,support
0,0.9,0.62253,0.735981,506.0
1,0.310469,0.710744,0.432161,121.0
accuracy,0.639553,0.639553,0.639553,0.639553
macro avg,0.605235,0.666637,0.584071,627.0
weighted avg,0.786231,0.639553,0.677349,627.0
