,precision,recall,f1-score,support
0,0.869307,0.867589,0.868447,506.0
1,0.45082,0.454545,0.452675,121.0
accuracy,0.787879,0.787879,0.787879,0.787879
macro avg,0.660063,0.661067,0.660561,627.0
weighted avg,0.788546,0.787879,0.78821,627.0
