,precision,recall,f1-score,support
0,0.903614,0.741107,0.814332,506.0
1,0.382075,0.669421,0.486486,121.0
accuracy,0.727273,0.727273,0.727273,0.727273
macro avg,0.642845,0.705264,0.650409,627.0
weighted avg,0.802967,0.727273,0.751064,627.0
