,precision,recall,f1-score,support
0,0.897216,0.828063,0.861254,506.0
1,0.45625,0.603306,0.519573,121.0
accuracy,0.784689,0.784689,0.784689,0.784689
macro avg,0.676733,0.715685,0.690413,627.0
weighted avg,0.812118,0.784689,0.795315,627.0
