,params,mean_fit_time,std_fit_time,mean_test_score,std_test_score
0,{'C': 0.001},0.005469,0.000676,0.733708,0.021435
1,{'C': 100},0.019301,0.003199,0.760153,0.030649
2,{'C': 1000},0.01886,0.002384,0.760528,0.031052
