,params,mean_fit_time,std_fit_time,mean_test_score,std_test_score
0,{'alpha': 0.01},0.011999,0.012566,0.501912,0.01068
1,{'alpha': 0.1},0.006029,0.001824,0.501912,0.01068
2,{'alpha': 0.5},0.003473,0.001359,0.502185,0.010436
3,{'alpha': 1.0},0.003492,0.000693,0.502185,0.010436
4,{'alpha': 10.0},0.003753,0.001227,0.503003,0.010554
